{"cameraMode":{"drawMode":0,"name":"Shaded","section":"Shading Mode"},"sceneLighting":false,"audioPlay":false,"sceneViewState":{"showFog":true,"showMaterialUpdate":false,"showSkybox":true,"showFlares":true,"showImageEffects":true,"showParticleSystems":true},"in2DMode":false,"pivot":{"x":-0.18611863255500794,"y":2.255183219909668,"z":17.648365020751954},"rotation":{"x":-0.170052170753479,"y":0.670231282711029,"z":-0.16188769042491914,"w":-0.7040356993675232},"size":33.282466888427737,"orthographic":false}